Trial Name,Average Load Model Time,Average Load Image Time,Average Inference Time,Average Other Time,Average Total Time
4bit13b,10.6402,0.0,9.1808,39.51459733000002,59.33559733000002
4bit7b,6.9662,0.0,10.127300000000002,42.24209733000002,59.33559733000002
4bitvicuna13b,11.7513,0.0,11.4189,36.16539733000002,59.33559733000002
4bitvicuna7b,7.8337634408602135,0.0,17.394731182795706,34.1071027063441,59.33559733000002
8bit13b,10.539000000000001,0.0,24.965899999999998,23.83069733000002,59.33559733000002
8bit7b,6.8496000000000015,0.0,24.221299999999996,28.264697330000022,59.33559733000002
8bitvicuna13b,11.5253,0.0,29.582400000000003,18.22789733000002,59.33559733000002
8bitvicuna7b,7.596099999999999,0.0,46.52269999999999,5.216797330000027,59.33559733000002
