Trial Name,Average Load Model Time,Average Load Image Time,Average Inference Time,Average Other Time,Average Total Time
4bit13b,10.6402,0.0,9.1808,5.147548510000007,24.968548510000005
4bit7b,6.9662,0.0,10.127300000000002,5.223677359999993,22.317177359999995
4bitvicuna13b,11.7513,0.0,11.4189,5.204423799999997,28.3746238
4bitvicuna7b,7.8337634408602135,0.0,17.394731182795706,5.047576946344083,30.276071570000003
8bit13b,10.539000000000001,0.0,24.965899999999998,5.160843480000004,40.66574348
8bit7b,6.8496000000000015,0.0,24.221299999999996,5.156217449999982,36.22711744999998
8bitvicuna13b,11.5253,0.0,29.582400000000003,5.230886799999986,46.33858679999999
8bitvicuna7b,7.596099999999999,0.0,46.52269999999999,5.216797330000027,59.33559733000002
